{"cameraMode":{"drawMode":0,"name":"Shaded","section":"Shading Mode"},"sceneLighting":true,"audioPlay":false,"sceneViewState":{"showFog":true,"showMaterialUpdate":true,"showSkybox":true,"showFlares":true,"showImageEffects":true,"showParticleSystems":true},"in2DMode":false,"pivot":{"x":-0.555882453918457,"y":-1.6316808462142945,"z":0.9682203531265259},"rotation":{"x":-0.20669402182102204,"y":-0.6053891777992249,"z":0.16677075624465943,"w":-0.7503136992454529},"size":16.999919891357423,"orthographic":false}