{"cameraMode":{"drawMode":0,"name":"Shaded","section":"Shading Mode"},"sceneLighting":false,"audioPlay":false,"sceneViewState":{"showFog":true,"showMaterialUpdate":true,"showSkybox":false,"showFlares":true,"showImageEffects":true,"showParticleSystems":true},"in2DMode":false,"pivot":{"x":-3.3391685485839845,"y":1.2612972259521485,"z":9.680025100708008},"rotation":{"x":-0.20669402182102204,"y":-0.6053891777992249,"z":0.16677075624465943,"w":-0.7503136992454529},"size":5.557884693145752,"orthographic":false}